<?xml version='1.0' encoding='utf-8' ?>
<setting>
<load_css_file>style1</load_css_file>
<g_st_b_img1_b_img>1366021661i-footer-first1.png</g_st_b_img1_b_img>
<g_st_b_img2_b_img>1366021661i-footer-middle1.png</g_st_b_img2_b_img>
<g_st_b_img3_b_img>1366021661i-footer-last1.png</g_st_b_img3_b_img>
<bt2_b_img>1366021729btn-color1.png</bt2_b_img>
<bg_mode>wide_mode</bg_mode>
<column>2_column_left</column>
<column_class>grid_6,grid_18(3)</column_class>
<g_st_b_img1_b_pattern>up_load_image_staticblock1</g_st_b_img1_b_pattern>
<g_st_b_img2_b_pattern>up_load_image_staticblock2</g_st_b_img2_b_pattern>
<g_st_b_img3_b_pattern>up_load_image_staticblock3</g_st_b_img3_b_pattern>
<g_link_color_hover>#03c885</g_link_color_hover>
<g_bm1_b_color>#f65201</g_bm1_b_color>
<g_bm1_sh_color>#b13c02</g_bm1_sh_color>
<g_bm2_b_color>#14cfbb</g_bm2_b_color>
<g_bm2_sh_color>#149d8e</g_bm2_sh_color>
<g_bm3_b_color>#16a7d7</g_bm3_b_color>
<g_bm3_sh_color>#0989b3</g_bm3_sh_color>
<g_st_b_color1>#f65201</g_st_b_color1>
<g_st_b_color2>#14cfbb</g_st_b_color2>
<g_st_t_color1>#ffffff</g_st_t_color1>
<g_st_t_color2>#1f1f1f</g_st_t_color2>
<g_st_t_color3>#03c885</g_st_t_color3>
<g_st_t_color4>#f65201</g_st_t_color4>
<g_st_t_color5>#14cfbb</g_st_t_color5>
<g_st_t_color6>#16a7d7</g_st_t_color6>
<g_bm_t_fstyle_1>Oswald</g_bm_t_fstyle_1>
<g_st_t_fstyle_1>Oswald</g_st_t_fstyle_1>
<s_color_1>#03c885</s_color_1>
<bt_b_pattern>up_load_image_button</bt_b_pattern>
</setting>
