<?xml version='1.0' encoding='utf-8' ?>
<setting>
<load_css_file>style3</load_css_file>
<g_st_b_img1_b_img>1366022366i-footer-first3.png</g_st_b_img1_b_img>
<g_st_b_img2_b_img>1366022366i-footer-middle3.png</g_st_b_img2_b_img>
<g_st_b_img3_b_img>1366022366i-footer-last3.png</g_st_b_img3_b_img>
<bt_b_img>1366022079btn-color2.png</bt_b_img>
<bg_mode>wide_mode</bg_mode>
<column>2_column_left</column>
<column_class>grid_6,grid_18(3)</column_class>
<g_st_b_img1_b_pattern>up_load_image_staticblock1</g_st_b_img1_b_pattern>
<g_st_b_img2_b_pattern>up_load_image_staticblock2</g_st_b_img2_b_pattern>
<g_st_b_img3_b_pattern>up_load_image_staticblock3</g_st_b_img3_b_pattern>
<g_link_color_hover>#ee0e16</g_link_color_hover>
<g_bm1_b_color>#ffffff</g_bm1_b_color>
<g_bm1_t_color>#00000a</g_bm1_t_color>
<g_bm1_sh_color>#d2d1d0</g_bm1_sh_color>
<g_bm1_bor_color>#000005</g_bm1_bor_color>
<g_bm2_b_color>#ffffff</g_bm2_b_color>
<g_bm2_t_color>#01010f</g_bm2_t_color>
<g_bm2_sh_color>#d2d1d0</g_bm2_sh_color>
<g_bm2_bor_color>#00000a</g_bm2_bor_color>
<g_bm3_b_color>#ffffff</g_bm3_b_color>
<g_bm3_t_color>#01010a</g_bm3_t_color>
<g_bm3_sh_color>#d2d1d0</g_bm3_sh_color>
<g_bm3_bor_color>#01010d</g_bm3_bor_color>
<g_st_b_color1>#ee0e16</g_st_b_color1>
<g_st_b_color2>#0a0a0a</g_st_b_color2>
<g_st_t_color1>#ffffff</g_st_t_color1>
<g_st_t_color2>#ffffff</g_st_t_color2>
<g_st_t_color3>#ee0e16</g_st_t_color3>
<g_st_t_color4>#ee0e16</g_st_t_color4>
<g_st_t_color5>#ee0e16</g_st_t_color5>
<g_st_t_color6>#ee0e16</g_st_t_color6>
<g_bm_t_fstyle_1>Karla</g_bm_t_fstyle_1>
<g_st_t_fstyle_1>Karla</g_st_t_fstyle_1>
<s_color_1>#ee0e16</s_color_1>
<bt_b_pattern>no_img.jpg</bt_b_pattern>
<bt2_b_color_normal>#0a0a0a</bt2_b_color_normal>
<bt2_b_pattern>no_img.jpg</bt2_b_pattern>
</setting>
