<?xml version='1.0' encoding='utf-8' ?>
<options>
<alignment>center</alignment>
<autoadvance>false</autoadvance>
<mobileautoadvance>false</mobileautoadvance>
<easing>easeInOutExpo</easing>
<effect>random</effect>
<full_screen>false</full_screen>
<height>40%</height>
<hover>true</hover>
<animSpeed>200</animSpeed>
<transPeriod>1500</transPeriod>
<navigation>true</navigation>
<navigationHover>true</navigationHover>
<pagination>false</pagination>
<thumbnails>false</thumbnails>
<playPause>false</playPause>
<loader>bar</loader>
<loaderBgColor>#222222</loaderBgColor>
<loaderColor>#eeeeee</loaderColor>
<loaderOpacity>.8</loaderOpacity>
<loaderPadding>2</loaderPadding>
<loaderStroke>7</loaderStroke>
<barDirection>leftToRight</barDirection>
<barPosition>top</barPosition>
<piePosition>rightTop</piePosition>
<cols>6</cols>
<rows>4</rows>
<slicedCols>12</slicedCols>
<slicedRows>8</slicedRows>
<slideOn>random</slideOn>
</options>
