<?xml version='1.0' encoding='utf-8' ?>
<options>
<alignment>centerRight</alignment>
<autoadvance>false</autoadvance>
<mobileautoadvance>false</mobileautoadvance>
<easing>easeInOutExpo</easing>
<effect>random</effect>
<full_screen>false</full_screen>
<height>53%</height>
<hover>false</hover>
<animSpeed>200</animSpeed>
<transPeriod>1500</transPeriod>
<navigation>true</navigation>
<navigationHover>false</navigationHover>
<pagination>false</pagination>
<thumbnails>true</thumbnails>
<playPause>false</playPause>
<loader>bar</loader>
<loaderBgColor>#31e63d</loaderBgColor>
<loaderColor>#ff00cc</loaderColor>
<loaderOpacity>.8</loaderOpacity>
<loaderPadding>2</loaderPadding>
<loaderStroke>7</loaderStroke>
<barDirection>leftToRight</barDirection>
<barPosition>top</barPosition>
<piePosition>rightTop</piePosition>
<cols>6</cols>
<rows>4</rows>
<slideOn>random</slideOn>
</options>
